1,Bulbasaur,https://img.pokemondb.net/artwork/large/bulbasaur.jpg,9999,1
2,Ivysaur,https://img.pokemondb.net/artwork/large/ivysaur.jpg,9999,1
3,Venusaur,https://img.pokemondb.net/artwork/large/venusaur.jpg,9999,1
4,Charmander,https://img.pokemondb.net/artwork/large/charmander.jpg,9999,1
5,Charmeleon,https://img.pokemondb.net/artwork/large/charmeleon.jpg,9999,1
6,Charizard,https://img.pokemondb.net/artwork/large/charizard.jpg,9999,1
7,Squirtle,https://img.pokemondb.net/artwork/large/squirtle.jpg,9999,1
8,Wartortle,https://img.pokemondb.net/artwork/large/wartortle.jpg,9999,1
9,Blastoise,https://img.pokemondb.net/artwork/large/blastoise.jpg,9999,1
10,Caterpie,https://img.pokemondb.net/artwork/large/caterpie.jpg,2,1
11,Metapod,https://img.pokemondb.net/artwork/large/metapod.jpg,2,2
12,Butterfree,https://img.pokemondb.net/artwork/large/butterfree.jpg,9999,1
13,Weedle,https://img.pokemondb.net/artwork/large/weedle.jpg,2,1
14,Kakuna,https://img.pokemondb.net/artwork/large/kakuna.jpg,2,2
15,Beedrill,https://img.pokemondb.net/artwork/large/beedrill.jpg,9999,1
16,Pidgey,https://img.pokemondb.net/artwork/large/pidgey.jpg,1,1
17,Pidgeotto,https://img.pokemondb.net/artwork/large/pidgeotto.jpg,9999,1
18,Pidgeot,https://img.pokemondb.net/artwork/large/pidgeot.jpg,9999,1
19,Rattata,https://img.pokemondb.net/artwork/large/rattata.jpg,1,1
20,Raticate,https://img.pokemondb.net/artwork/large/raticate.jpg,9999,1
21,Spearow,https://img.pokemondb.net/artwork/large/spearow.jpg,1,2
22,Fearow,https://img.pokemondb.net/artwork/large/fearow.jpg,9999,1
23,Ekans,https://img.pokemondb.net/artwork/large/ekans.jpg,1,2
24,Arbok,https://img.pokemondb.net/artwork/large/arbok.jpg,9999,1
25,Pikachu,https://img.pokemondb.net/artwork/large/pikachu.jpg,2,4
26,Raichu,https://img.pokemondb.net/artwork/large/raichu.jpg,9999,1
27,Sandshrew,https://img.pokemondb.net/artwork/large/sandshrew.jpg,9999,1
28,Sandslash,https://img.pokemondb.net/artwork/large/sandslash.jpg,9999,1
29,Nidoran♀,https://img.pokemondb.net/artwork/large/nidoran-f.jpg,1,1
30,Nidorina,https://img.pokemondb.net/artwork/large/nidorina.jpg,9999,1
31,Nidoqueen,https://img.pokemondb.net/artwork/large/nidoqueen.jpg,9999,1
32,Nidoran♂,https://img.pokemondb.net/artwork/large/nidoran-m.jpg,1,1
33,Nidorino,https://img.pokemondb.net/artwork/large/nidorino.jpg,9999,1
34,Nidoking,https://img.pokemondb.net/artwork/large/nidoking.jpg,9999,1
35,Clefairy,https://img.pokemondb.net/artwork/large/clefairy.jpg,9999,1
36,Clefable,https://img.pokemondb.net/artwork/large/clefable.jpg,9999,1
37,Vulpix,https://img.pokemondb.net/artwork/large/vulpix.jpg,9999,1
38,Ninetales,https://img.pokemondb.net/artwork/large/ninetales.jpg,9999,1
39,Jigglypuff,https://img.pokemondb.net/artwork/large/jigglypuff.jpg,9999,1
40,Wigglytuff,https://img.pokemondb.net/artwork/large/wigglytuff.jpg,9999,1
41,Zubat,https://img.pokemondb.net/artwork/large/zubat.jpg,9999,1
42,Golbat,https://img.pokemondb.net/artwork/large/golbat.jpg,9999,1
43,Oddish,https://img.pokemondb.net/artwork/large/oddish.jpg,9999,1
44,Gloom,https://img.pokemondb.net/artwork/large/gloom.jpg,9999,1
45,Vileplume,https://img.pokemondb.net/artwork/large/vileplume.jpg,9999,1
46,Paras,https://img.pokemondb.net/artwork/large/paras.jpg,2,2
47,Parasect,https://img.pokemondb.net/artwork/large/parasect.jpg,9999,1
48,Venonat,https://img.pokemondb.net/artwork/large/venonat.jpg,9999,1
49,Venomoth,https://img.pokemondb.net/artwork/large/venomoth.jpg,9999,1
50,Diglett,https://img.pokemondb.net/artwork/large/diglett.jpg,9999,1
51,Dugtrio,https://img.pokemondb.net/artwork/large/dugtrio.jpg,9999,1
52,Meowth,https://img.pokemondb.net/artwork/large/meowth.jpg,9999,1
53,Persian,https://img.pokemondb.net/artwork/large/persian.jpg,9999,1
54,Psyduck,https://img.pokemondb.net/artwork/large/psyduck.jpg,9999,1
55,Golduck,https://img.pokemondb.net/artwork/large/golduck.jpg,9999,1
56,Mankey,https://img.pokemondb.net/artwork/large/mankey.jpg,9999,1
57,Primeape,https://img.pokemondb.net/artwork/large/primeape.jpg,9999,1
58,Growlithe,https://img.pokemondb.net/artwork/large/growlithe.jpg,9999,1
59,Arcanine,https://img.pokemondb.net/artwork/large/arcanine.jpg,9999,1
60,Poliwag,https://img.pokemondb.net/artwork/large/poliwag.jpg,9999,1
61,Poliwhirl,https://img.pokemondb.net/artwork/large/poliwhirl.jpg,9999,1
62,Poliwrath,https://img.pokemondb.net/artwork/large/poliwrath.jpg,9999,1
63,Abra,https://img.pokemondb.net/artwork/large/abra.jpg,9999,1
64,Kadabra,https://img.pokemondb.net/artwork/large/kadabra.jpg,9999,1
65,Alakazam,https://img.pokemondb.net/artwork/large/alakazam.jpg,9999,1
66,Machop,https://img.pokemondb.net/artwork/large/machop.jpg,9999,1
67,Machoke,https://img.pokemondb.net/artwork/large/machoke.jpg,9999,1
68,Machamp,https://img.pokemondb.net/artwork/large/machamp.jpg,9999,1
69,Bellsprout,https://img.pokemondb.net/artwork/large/bellsprout.jpg,9999,1
70,Weepinbell,https://img.pokemondb.net/artwork/large/weepinbell.jpg,9999,1
71,Victreebel,https://img.pokemondb.net/artwork/large/victreebel.jpg,9999,1
72,Tentacool,https://img.pokemondb.net/artwork/large/tentacool.jpg,9999,1
73,Tentacruel,https://img.pokemondb.net/artwork/large/tentacruel.jpg,9999,1
74,Geodude,https://img.pokemondb.net/artwork/large/geodude.jpg,9999,1
75,Graveler,https://img.pokemondb.net/artwork/large/graveler.jpg,9999,1
76,Golem,https://img.pokemondb.net/artwork/large/golem.jpg,9999,1
77,Ponyta,https://img.pokemondb.net/artwork/large/ponyta.jpg,9999,1
78,Rapidash,https://img.pokemondb.net/artwork/large/rapidash.jpg,9999,1
79,Slowpoke,https://img.pokemondb.net/artwork/large/slowpoke.jpg,9999,1
80,Slowbro,https://img.pokemondb.net/artwork/large/slowbro.jpg,9999,1
81,Magnemite,https://img.pokemondb.net/artwork/large/magnemite.jpg,9999,1
82,Magneton,https://img.pokemondb.net/artwork/large/magneton.jpg,9999,1
83,Farfetch'd,https://img.pokemondb.net/artwork/large/farfetch'd.jpg,9999,1
84,Doduo,https://img.pokemondb.net/artwork/large/doduo.jpg,9999,1
85,Dodrio,https://img.pokemondb.net/artwork/large/dodrio.jpg,9999,1
86,Seel,https://img.pokemondb.net/artwork/large/seel.jpg,9999,1
87,Dewgong,https://img.pokemondb.net/artwork/large/dewgong.jpg,9999,1
88,Grimer,https://img.pokemondb.net/artwork/large/grimer.jpg,9999,1
89,Muk,https://img.pokemondb.net/artwork/large/muk.jpg,9999,1
90,Shellder,https://img.pokemondb.net/artwork/large/shellder.jpg,9999,1
91,Cloyster,https://img.pokemondb.net/artwork/large/cloyster.jpg,9999,1
92,Gastly,https://img.pokemondb.net/artwork/large/gastly.jpg,9999,1
93,Haunter,https://img.pokemondb.net/artwork/large/haunter.jpg,9999,1
94,Gengar,https://img.pokemondb.net/artwork/large/gengar.jpg,9999,1
95,Onix,https://img.pokemondb.net/artwork/large/onix.jpg,9999,1
96,Drowzee,https://img.pokemondb.net/artwork/large/drowzee.jpg,9999,1
97,Hypno,https://img.pokemondb.net/artwork/large/hypno.jpg,9999,1
98,Krabby,https://img.pokemondb.net/artwork/large/krabby.jpg,9999,1
99,Kingler,https://img.pokemondb.net/artwork/large/kingler.jpg,9999,1
100,Voltorb,https://img.pokemondb.net/artwork/large/voltorb.jpg,9999,1
101,Electrode,https://img.pokemondb.net/artwork/large/electrode.jpg,9999,1
102,Exeggcute,https://img.pokemondb.net/artwork/large/exeggcute.jpg,9999,1
103,Exeggutor,https://img.pokemondb.net/artwork/large/exeggutor.jpg,9999,1
104,Cubone,https://img.pokemondb.net/artwork/large/cubone.jpg,9999,1
105,Marowak,https://img.pokemondb.net/artwork/large/marowak.jpg,9999,1
106,Hitmonlee,https://img.pokemondb.net/artwork/large/hitmonlee.jpg,9999,1
107,Hitmonchan,https://img.pokemondb.net/artwork/large/hitmonchan.jpg,9999,1
108,Lickitung,https://img.pokemondb.net/artwork/large/lickitung.jpg,9999,1
109,Koffing,https://img.pokemondb.net/artwork/large/koffing.jpg,9999,1
110,Weezing,https://img.pokemondb.net/artwork/large/weezing.jpg,9999,1
111,Rhyhorn,https://img.pokemondb.net/artwork/large/rhyhorn.jpg,9999,1
112,Rhydon,https://img.pokemondb.net/artwork/large/rhydon.jpg,9999,1
113,Chansey,https://img.pokemondb.net/artwork/large/chansey.jpg,9999,1
114,Tangela,https://img.pokemondb.net/artwork/large/tangela.jpg,9999,1
115,Kangaskhan,https://img.pokemondb.net/artwork/large/kangaskhan.jpg,9999,1
116,Horsea,https://img.pokemondb.net/artwork/large/horsea.jpg,9999,1
117,Seadra,https://img.pokemondb.net/artwork/large/seadra.jpg,9999,1
118,Goldeen,https://img.pokemondb.net/artwork/large/goldeen.jpg,9999,1
119,Seaking,https://img.pokemondb.net/artwork/large/seaking.jpg,9999,1
120,Staryu,https://img.pokemondb.net/artwork/large/staryu.jpg,9999,1
121,Starmie,https://img.pokemondb.net/artwork/large/starmie.jpg,9999,1
122,Mr. Mime,https://img.pokemondb.net/artwork/large/mr.-mime.jpg,9999,1
123,Scyther,https://img.pokemondb.net/artwork/large/scyther.jpg,9999,1
124,Jynx,https://img.pokemondb.net/artwork/large/jynx.jpg,9999,1
125,Electabuzz,https://img.pokemondb.net/artwork/large/electabuzz.jpg,9999,1
126,Magmar,https://img.pokemondb.net/artwork/large/magmar.jpg,9999,1
127,Pinsir,https://img.pokemondb.net/artwork/large/pinsir.jpg,9999,1
128,Tauros,https://img.pokemondb.net/artwork/large/tauros.jpg,9999,1
129,Magikarp,https://img.pokemondb.net/artwork/large/magikarp.jpg,9999,1
130,Gyarados,https://img.pokemondb.net/artwork/large/gyarados.jpg,9999,1
131,Lapras,https://img.pokemondb.net/artwork/large/lapras.jpg,9999,1
132,Ditto,https://img.pokemondb.net/artwork/large/ditto.jpg,9999,1
133,Eevee,https://img.pokemondb.net/artwork/large/eevee.jpg,9999,1
134,Vaporeon,https://img.pokemondb.net/artwork/large/vaporeon.jpg,9999,1
135,Jolteon,https://img.pokemondb.net/artwork/large/jolteon.jpg,9999,1
136,Flareon,https://img.pokemondb.net/artwork/large/flareon.jpg,9999,1
137,Porygon,https://img.pokemondb.net/artwork/large/porygon.jpg,9999,1
138,Omanyte,https://img.pokemondb.net/artwork/large/omanyte.jpg,9999,1
139,Omastar,https://img.pokemondb.net/artwork/large/omastar.jpg,9999,1
140,Kabuto,https://img.pokemondb.net/artwork/large/kabuto.jpg,9999,1
141,Kabutops,https://img.pokemondb.net/artwork/large/kabutops.jpg,9999,1
142,Aerodactyl,https://img.pokemondb.net/artwork/large/aerodactyl.jpg,9999,1
143,Snorlax,https://img.pokemondb.net/artwork/large/snorlax.jpg,9999,1
144,Articuno,https://img.pokemondb.net/artwork/large/articuno.jpg,9999,1
145,Zapdos,https://img.pokemondb.net/artwork/large/zapdos.jpg,9999,1
146,Moltres,https://img.pokemondb.net/artwork/large/moltres.jpg,9999,1
147,Dratini,https://img.pokemondb.net/artwork/large/dratini.jpg,9999,1
148,Dragonair,https://img.pokemondb.net/artwork/large/dragonair.jpg,9999,1
149,Dragonite,https://img.pokemondb.net/artwork/large/dragonite.jpg,9999,1
150,Mewtwo,https://img.pokemondb.net/artwork/large/mewtwo.jpg,9999,1
151,Mew,https://img.pokemondb.net/artwork/large/mew.jpg,9999,1
152,Chikorita,https://img.pokemondb.net/artwork/large/chikorita.jpg,9999,1
153,Bayleef,https://img.pokemondb.net/artwork/large/bayleef.jpg,9999,1
154,Meganium,https://img.pokemondb.net/artwork/large/meganium.jpg,9999,1
155,Cyndaquil,https://img.pokemondb.net/artwork/large/cyndaquil.jpg,9999,1
156,Quilava,https://img.pokemondb.net/artwork/large/quilava.jpg,9999,1
157,Typhlosion,https://img.pokemondb.net/artwork/large/typhlosion.jpg,9999,1
158,Totodile,https://img.pokemondb.net/artwork/large/totodile.jpg,9999,1
159,Croconaw,https://img.pokemondb.net/artwork/large/croconaw.jpg,9999,1
160,Feraligatr,https://img.pokemondb.net/artwork/large/feraligatr.jpg,9999,1
161,Sentret,https://img.pokemondb.net/artwork/large/sentret.jpg,9999,1
162,Furret,https://img.pokemondb.net/artwork/large/furret.jpg,9999,1
163,Hoothoot,https://img.pokemondb.net/artwork/large/hoothoot.jpg,9999,1
164,Noctowl,https://img.pokemondb.net/artwork/large/noctowl.jpg,9999,1
165,Ledyba,https://img.pokemondb.net/artwork/large/ledyba.jpg,9999,1
166,Ledian,https://img.pokemondb.net/artwork/large/ledian.jpg,9999,1
167,Spinarak,https://img.pokemondb.net/artwork/large/spinarak.jpg,9999,1
168,Ariados,https://img.pokemondb.net/artwork/large/ariados.jpg,9999,1
169,Crobat,https://img.pokemondb.net/artwork/large/crobat.jpg,9999,1
170,Chinchou,https://img.pokemondb.net/artwork/large/chinchou.jpg,9999,1
171,Lanturn,https://img.pokemondb.net/artwork/large/lanturn.jpg,9999,1
172,Pichu,https://img.pokemondb.net/artwork/large/pichu.jpg,9999,1
173,Cleffa,https://img.pokemondb.net/artwork/large/cleffa.jpg,9999,1
174,Igglybuff,https://img.pokemondb.net/artwork/large/igglybuff.jpg,9999,1
175,Togepi,https://img.pokemondb.net/artwork/large/togepi.jpg,9999,1
176,Togetic,https://img.pokemondb.net/artwork/large/togetic.jpg,9999,1
177,Natu,https://img.pokemondb.net/artwork/large/natu.jpg,9999,1
178,Xatu,https://img.pokemondb.net/artwork/large/xatu.jpg,9999,1
179,Mareep,https://img.pokemondb.net/artwork/large/mareep.jpg,9999,1
180,Flaaffy,https://img.pokemondb.net/artwork/large/flaaffy.jpg,9999,1
181,Ampharos,https://img.pokemondb.net/artwork/large/ampharos.jpg,9999,1
182,Bellossom,https://img.pokemondb.net/artwork/large/bellossom.jpg,9999,1
183,Marill,https://img.pokemondb.net/artwork/large/marill.jpg,9999,1
184,Azumarill,https://img.pokemondb.net/artwork/large/azumarill.jpg,9999,1
185,Sudowoodo,https://img.pokemondb.net/artwork/large/sudowoodo.jpg,9999,1
186,Politoed,https://img.pokemondb.net/artwork/large/politoed.jpg,9999,1
187,Hoppip,https://img.pokemondb.net/artwork/large/hoppip.jpg,9999,1
188,Skiploom,https://img.pokemondb.net/artwork/large/skiploom.jpg,9999,1
189,Jumpluff,https://img.pokemondb.net/artwork/large/jumpluff.jpg,9999,1
190,Aipom,https://img.pokemondb.net/artwork/large/aipom.jpg,9999,1
191,Sunkern,https://img.pokemondb.net/artwork/large/sunkern.jpg,9999,1
192,Sunflora,https://img.pokemondb.net/artwork/large/sunflora.jpg,9999,1
193,Yanma,https://img.pokemondb.net/artwork/large/yanma.jpg,9999,1
194,Wooper,https://img.pokemondb.net/artwork/large/wooper.jpg,9999,1
195,Quagsire,https://img.pokemondb.net/artwork/large/quagsire.jpg,9999,1
196,Espeon,https://img.pokemondb.net/artwork/large/espeon.jpg,9999,1
197,Umbreon,https://img.pokemondb.net/artwork/large/umbreon.jpg,9999,1
198,Murkrow,https://img.pokemondb.net/artwork/large/murkrow.jpg,9999,1
199,Slowking,https://img.pokemondb.net/artwork/large/slowking.jpg,9999,1
200,Misdreavus,https://img.pokemondb.net/artwork/large/misdreavus.jpg,9999,1
201,Unown,https://img.pokemondb.net/artwork/large/unown.jpg,9999,1
202,Wobbuffet,https://img.pokemondb.net/artwork/large/wobbuffet.jpg,9999,1
203,Girafarig,https://img.pokemondb.net/artwork/large/girafarig.jpg,9999,1
204,Pineco,https://img.pokemondb.net/artwork/large/pineco.jpg,9999,1
205,Forretress,https://img.pokemondb.net/artwork/large/forretress.jpg,9999,1
206,Dunsparce,https://img.pokemondb.net/artwork/large/dunsparce.jpg,9999,1
207,Gligar,https://img.pokemondb.net/artwork/large/gligar.jpg,9999,1
208,Steelix,https://img.pokemondb.net/artwork/large/steelix.jpg,9999,1
209,Snubbull,https://img.pokemondb.net/artwork/large/snubbull.jpg,9999,1
210,Granbull,https://img.pokemondb.net/artwork/large/granbull.jpg,9999,1
211,Qwilfish,https://img.pokemondb.net/artwork/large/qwilfish.jpg,9999,1
212,Scizor,https://img.pokemondb.net/artwork/large/scizor.jpg,9999,1
213,Shuckle,https://img.pokemondb.net/artwork/large/shuckle.jpg,9999,1
214,Heracross,https://img.pokemondb.net/artwork/large/heracross.jpg,9999,1
215,Sneasel,https://img.pokemondb.net/artwork/large/sneasel.jpg,9999,1
216,Teddiursa,https://img.pokemondb.net/artwork/large/teddiursa.jpg,9999,1
217,Ursaring,https://img.pokemondb.net/artwork/large/ursaring.jpg,9999,1
218,Slugma,https://img.pokemondb.net/artwork/large/slugma.jpg,9999,1
219,Magcargo,https://img.pokemondb.net/artwork/large/magcargo.jpg,9999,1
220,Swinub,https://img.pokemondb.net/artwork/large/swinub.jpg,9999,1
221,Piloswine,https://img.pokemondb.net/artwork/large/piloswine.jpg,9999,1
222,Corsola,https://img.pokemondb.net/artwork/large/corsola.jpg,9999,1
223,Remoraid,https://img.pokemondb.net/artwork/large/remoraid.jpg,9999,1
224,Octillery,https://img.pokemondb.net/artwork/large/octillery.jpg,9999,1
225,Delibird,https://img.pokemondb.net/artwork/large/delibird.jpg,9999,1
226,Mantine,https://img.pokemondb.net/artwork/large/mantine.jpg,9999,1
227,Skarmory,https://img.pokemondb.net/artwork/large/skarmory.jpg,9999,1
228,Houndour,https://img.pokemondb.net/artwork/large/houndour.jpg,9999,1
229,Houndoom,https://img.pokemondb.net/artwork/large/houndoom.jpg,9999,1
230,Kingdra,https://img.pokemondb.net/artwork/large/kingdra.jpg,9999,1
231,Phanpy,https://img.pokemondb.net/artwork/large/phanpy.jpg,9999,1
232,Donphan,https://img.pokemondb.net/artwork/large/donphan.jpg,9999,1
233,Porygon2,https://img.pokemondb.net/artwork/large/porygon2.jpg,9999,1
234,Stantler,https://img.pokemondb.net/artwork/large/stantler.jpg,9999,1
235,Smeargle,https://img.pokemondb.net/artwork/large/smeargle.jpg,9999,1
236,Tyrogue,https://img.pokemondb.net/artwork/large/tyrogue.jpg,9999,1
237,Hitmontop,https://img.pokemondb.net/artwork/large/hitmontop.jpg,9999,1
238,Smoochum,https://img.pokemondb.net/artwork/large/smoochum.jpg,9999,1
239,Elekid,https://img.pokemondb.net/artwork/large/elekid.jpg,9999,1
240,Magby,https://img.pokemondb.net/artwork/large/magby.jpg,9999,1
241,Miltank,https://img.pokemondb.net/artwork/large/miltank.jpg,9999,1
242,Blissey,https://img.pokemondb.net/artwork/large/blissey.jpg,9999,1
243,Raikou,https://img.pokemondb.net/artwork/large/raikou.jpg,9999,1
244,Entei,https://img.pokemondb.net/artwork/large/entei.jpg,9999,1
245,Suicune,https://img.pokemondb.net/artwork/large/suicune.jpg,9999,1
246,Larvitar,https://img.pokemondb.net/artwork/large/larvitar.jpg,9999,1
247,Pupitar,https://img.pokemondb.net/artwork/large/pupitar.jpg,9999,1
248,Tyranitar,https://img.pokemondb.net/artwork/large/tyranitar.jpg,9999,1
249,Lugia,https://img.pokemondb.net/artwork/large/lugia.jpg,9999,1
250,Ho-oh,https://img.pokemondb.net/artwork/large/ho-oh.jpg,9999,1
251,Celebi,https://img.pokemondb.net/artwork/large/celebi.jpg,9999,1
252,Treecko,https://img.pokemondb.net/artwork/large/treecko.jpg,9999,1
253,Grovyle,https://img.pokemondb.net/artwork/large/grovyle.jpg,9999,1
254,Sceptile,https://img.pokemondb.net/artwork/large/sceptile.jpg,9999,1
255,Torchic,https://img.pokemondb.net/artwork/large/torchic.jpg,9999,1
256,Combusken,https://img.pokemondb.net/artwork/large/combusken.jpg,9999,1
257,Blaziken,https://img.pokemondb.net/artwork/large/blaziken.jpg,9999,1
258,Mudkip,https://img.pokemondb.net/artwork/large/mudkip.jpg,9999,1
259,Marshtomp,https://img.pokemondb.net/artwork/large/marshtomp.jpg,9999,1
260,Swampert,https://img.pokemondb.net/artwork/large/swampert.jpg,9999,1
261,Poochyena,https://img.pokemondb.net/artwork/large/poochyena.jpg,9999,1
262,Mightyena,https://img.pokemondb.net/artwork/large/mightyena.jpg,9999,1
263,Zigzagoon,https://img.pokemondb.net/artwork/large/zigzagoon.jpg,9999,1
264,Linoone,https://img.pokemondb.net/artwork/large/linoone.jpg,9999,1
265,Wurmple,https://img.pokemondb.net/artwork/large/wurmple.jpg,9999,1
266,Silcoon,https://img.pokemondb.net/artwork/large/silcoon.jpg,9999,1
267,Beautifly,https://img.pokemondb.net/artwork/large/beautifly.jpg,9999,1
268,Cascoon,https://img.pokemondb.net/artwork/large/cascoon.jpg,9999,1
269,Dustox,https://img.pokemondb.net/artwork/large/dustox.jpg,9999,1
270,Lotad,https://img.pokemondb.net/artwork/large/lotad.jpg,9999,1
271,Lombre,https://img.pokemondb.net/artwork/large/lombre.jpg,9999,1
272,Ludicolo,https://img.pokemondb.net/artwork/large/ludicolo.jpg,9999,1
273,Seedot,https://img.pokemondb.net/artwork/large/seedot.jpg,9999,1
274,Nuzleaf,https://img.pokemondb.net/artwork/large/nuzleaf.jpg,9999,1
275,Shiftry,https://img.pokemondb.net/artwork/large/shiftry.jpg,9999,1
276,Taillow,https://img.pokemondb.net/artwork/large/taillow.jpg,9999,1
277,Swellow,https://img.pokemondb.net/artwork/large/swellow.jpg,9999,1
278,Wingull,https://img.pokemondb.net/artwork/large/wingull.jpg,9999,1
279,Pelipper,https://img.pokemondb.net/artwork/large/pelipper.jpg,9999,1
280,Ralts,https://img.pokemondb.net/artwork/large/ralts.jpg,9999,1
281,Kirlia,https://img.pokemondb.net/artwork/large/kirlia.jpg,9999,1
282,Gardevoir,https://img.pokemondb.net/artwork/large/gardevoir.jpg,9999,1
283,Surskit,https://img.pokemondb.net/artwork/large/surskit.jpg,9999,1
284,Masquerain,https://img.pokemondb.net/artwork/large/masquerain.jpg,9999,1
285,Shroomish,https://img.pokemondb.net/artwork/large/shroomish.jpg,9999,1
286,Breloom,https://img.pokemondb.net/artwork/large/breloom.jpg,9999,1
287,Slakoth,https://img.pokemondb.net/artwork/large/slakoth.jpg,9999,1
288,Vigoroth,https://img.pokemondb.net/artwork/large/vigoroth.jpg,9999,1
289,Slaking,https://img.pokemondb.net/artwork/large/slaking.jpg,9999,1
290,Nincada,https://img.pokemondb.net/artwork/large/nincada.jpg,9999,1
291,Ninjask,https://img.pokemondb.net/artwork/large/ninjask.jpg,9999,1
292,Shedinja,https://img.pokemondb.net/artwork/large/shedinja.jpg,9999,1
293,Whismur,https://img.pokemondb.net/artwork/large/whismur.jpg,9999,1
294,Loudred,https://img.pokemondb.net/artwork/large/loudred.jpg,9999,1
295,Exploud,https://img.pokemondb.net/artwork/large/exploud.jpg,9999,1
296,Makuhita,https://img.pokemondb.net/artwork/large/makuhita.jpg,9999,1
297,Hariyama,https://img.pokemondb.net/artwork/large/hariyama.jpg,9999,1
298,Azurill,https://img.pokemondb.net/artwork/large/azurill.jpg,9999,1
299,Nosepass,https://img.pokemondb.net/artwork/large/nosepass.jpg,9999,1
300,Skitty,https://img.pokemondb.net/artwork/large/skitty.jpg,9999,1
301,Delcatty,https://img.pokemondb.net/artwork/large/delcatty.jpg,9999,1
302,Sableye,https://img.pokemondb.net/artwork/large/sableye.jpg,9999,1
303,Mawile,https://img.pokemondb.net/artwork/large/mawile.jpg,9999,1
304,Aron,https://img.pokemondb.net/artwork/large/aron.jpg,9999,1
305,Lairon,https://img.pokemondb.net/artwork/large/lairon.jpg,9999,1
306,Aggron,https://img.pokemondb.net/artwork/large/aggron.jpg,9999,1
307,Meditite,https://img.pokemondb.net/artwork/large/meditite.jpg,9999,1
308,Medicham,https://img.pokemondb.net/artwork/large/medicham.jpg,9999,1
309,Electrike,https://img.pokemondb.net/artwork/large/electrike.jpg,9999,1
310,Manectric,https://img.pokemondb.net/artwork/large/manectric.jpg,9999,1
311,Plusle,https://img.pokemondb.net/artwork/large/plusle.jpg,9999,1
312,Minun,https://img.pokemondb.net/artwork/large/minun.jpg,9999,1
313,Volbeat,https://img.pokemondb.net/artwork/large/volbeat.jpg,9999,1
314,Illumise,https://img.pokemondb.net/artwork/large/illumise.jpg,9999,1
315,Roselia,https://img.pokemondb.net/artwork/large/roselia.jpg,9999,1
316,Gulpin,https://img.pokemondb.net/artwork/large/gulpin.jpg,9999,1
317,Swalot,https://img.pokemondb.net/artwork/large/swalot.jpg,9999,1
318,Carvanha,https://img.pokemondb.net/artwork/large/carvanha.jpg,9999,1
319,Sharpedo,https://img.pokemondb.net/artwork/large/sharpedo.jpg,9999,1
320,Wailmer,https://img.pokemondb.net/artwork/large/wailmer.jpg,9999,1
321,Wailord,https://img.pokemondb.net/artwork/large/wailord.jpg,9999,1
322,Numel,https://img.pokemondb.net/artwork/large/numel.jpg,9999,1
323,Camerupt,https://img.pokemondb.net/artwork/large/camerupt.jpg,9999,1
324,Torkoal,https://img.pokemondb.net/artwork/large/torkoal.jpg,9999,1
325,Spoink,https://img.pokemondb.net/artwork/large/spoink.jpg,9999,1
326,Grumpig,https://img.pokemondb.net/artwork/large/grumpig.jpg,9999,1
327,Spinda,https://img.pokemondb.net/artwork/large/spinda.jpg,9999,1
328,Trapinch,https://img.pokemondb.net/artwork/large/trapinch.jpg,9999,1
329,Vibrava,https://img.pokemondb.net/artwork/large/vibrava.jpg,9999,1
330,Flygon,https://img.pokemondb.net/artwork/large/flygon.jpg,9999,1
331,Cacnea,https://img.pokemondb.net/artwork/large/cacnea.jpg,9999,1
332,Cacturne,https://img.pokemondb.net/artwork/large/cacturne.jpg,9999,1
333,Swablu,https://img.pokemondb.net/artwork/large/swablu.jpg,9999,1
334,Altaria,https://img.pokemondb.net/artwork/large/altaria.jpg,9999,1
335,Zangoose,https://img.pokemondb.net/artwork/large/zangoose.jpg,9999,1
336,Seviper,https://img.pokemondb.net/artwork/large/seviper.jpg,9999,1
337,Lunatone,https://img.pokemondb.net/artwork/large/lunatone.jpg,9999,1
338,Solrock,https://img.pokemondb.net/artwork/large/solrock.jpg,9999,1
339,Barboach,https://img.pokemondb.net/artwork/large/barboach.jpg,9999,1
340,Whiscash,https://img.pokemondb.net/artwork/large/whiscash.jpg,9999,1
341,Corphish,https://img.pokemondb.net/artwork/large/corphish.jpg,9999,1
342,Crawdaunt,https://img.pokemondb.net/artwork/large/crawdaunt.jpg,9999,1
343,Baltoy,https://img.pokemondb.net/artwork/large/baltoy.jpg,9999,1
344,Claydol,https://img.pokemondb.net/artwork/large/claydol.jpg,9999,1
345,Lileep,https://img.pokemondb.net/artwork/large/lileep.jpg,9999,1
346,Cradily,https://img.pokemondb.net/artwork/large/cradily.jpg,9999,1
347,Anorith,https://img.pokemondb.net/artwork/large/anorith.jpg,9999,1
348,Armaldo,https://img.pokemondb.net/artwork/large/armaldo.jpg,9999,1
349,Feebas,https://img.pokemondb.net/artwork/large/feebas.jpg,9999,1
350,Milotic,https://img.pokemondb.net/artwork/large/milotic.jpg,9999,1
351,Castform,https://img.pokemondb.net/artwork/large/castform.jpg,9999,1
352,Kecleon,https://img.pokemondb.net/artwork/large/kecleon.jpg,9999,1
353,Shuppet,https://img.pokemondb.net/artwork/large/shuppet.jpg,9999,1
354,Banette,https://img.pokemondb.net/artwork/large/banette.jpg,9999,1
355,Duskull,https://img.pokemondb.net/artwork/large/duskull.jpg,9999,1
356,Dusclops,https://img.pokemondb.net/artwork/large/dusclops.jpg,9999,1
357,Tropius,https://img.pokemondb.net/artwork/large/tropius.jpg,9999,1
358,Chimecho,https://img.pokemondb.net/artwork/large/chimecho.jpg,9999,1
359,Absol,https://img.pokemondb.net/artwork/large/absol.jpg,9999,1
360,Wynaut,https://img.pokemondb.net/artwork/large/wynaut.jpg,9999,1
361,Snorunt,https://img.pokemondb.net/artwork/large/snorunt.jpg,9999,1
362,Glalie,https://img.pokemondb.net/artwork/large/glalie.jpg,9999,1
363,Spheal,https://img.pokemondb.net/artwork/large/spheal.jpg,9999,1
364,Sealeo,https://img.pokemondb.net/artwork/large/sealeo.jpg,9999,1
365,Walrein,https://img.pokemondb.net/artwork/large/walrein.jpg,9999,1
366,Clamperl,https://img.pokemondb.net/artwork/large/clamperl.jpg,9999,1
367,Huntail,https://img.pokemondb.net/artwork/large/huntail.jpg,9999,1
368,Gorebyss,https://img.pokemondb.net/artwork/large/gorebyss.jpg,9999,1
369,Relicanth,https://img.pokemondb.net/artwork/large/relicanth.jpg,9999,1
370,Luvdisc,https://img.pokemondb.net/artwork/large/luvdisc.jpg,9999,1
371,Bagon,https://img.pokemondb.net/artwork/large/bagon.jpg,9999,1
372,Shelgon,https://img.pokemondb.net/artwork/large/shelgon.jpg,9999,1
373,Salamence,https://img.pokemondb.net/artwork/large/salamence.jpg,9999,1
374,Beldum,https://img.pokemondb.net/artwork/large/beldum.jpg,9999,1
375,Metang,https://img.pokemondb.net/artwork/large/metang.jpg,9999,1
376,Metagross,https://img.pokemondb.net/artwork/large/metagross.jpg,9999,1
377,Regirock,https://img.pokemondb.net/artwork/large/regirock.jpg,9999,1
378,Regice,https://img.pokemondb.net/artwork/large/regice.jpg,9999,1
379,Registeel,https://img.pokemondb.net/artwork/large/registeel.jpg,9999,1
380,Latias,https://img.pokemondb.net/artwork/large/latias.jpg,9999,1
381,Latios,https://img.pokemondb.net/artwork/large/latios.jpg,9999,1
382,Kyogre,https://img.pokemondb.net/artwork/large/kyogre.jpg,9999,1
383,Groudon,https://img.pokemondb.net/artwork/large/groudon.jpg,9999,1
384,Rayquaza,https://img.pokemondb.net/artwork/large/rayquaza.jpg,9999,1
385,Jirachi,https://img.pokemondb.net/artwork/large/jirachi.jpg,9999,1
386,Deoxys,https://img.pokemondb.net/artwork/large/deoxys.jpg,9999,1
387,Turtwig,https://img.pokemondb.net/artwork/large/turtwig.jpg,9999,1
388,Grotle,https://img.pokemondb.net/artwork/large/grotle.jpg,9999,1
389,Torterra,https://img.pokemondb.net/artwork/large/torterra.jpg,9999,1
390,Chimchar,https://img.pokemondb.net/artwork/large/chimchar.jpg,9999,1
391,Monferno,https://img.pokemondb.net/artwork/large/monferno.jpg,9999,1
392,Infernape,https://img.pokemondb.net/artwork/large/infernape.jpg,9999,1
393,Piplup,https://img.pokemondb.net/artwork/large/piplup.jpg,9999,1
394,Prinplup,https://img.pokemondb.net/artwork/large/prinplup.jpg,9999,1
395,Empoleon,https://img.pokemondb.net/artwork/large/empoleon.jpg,9999,1
396,Starly,https://img.pokemondb.net/artwork/large/starly.jpg,9999,1
397,Staravia,https://img.pokemondb.net/artwork/large/staravia.jpg,9999,1
398,Staraptor,https://img.pokemondb.net/artwork/large/staraptor.jpg,9999,1
399,Bidoof,https://img.pokemondb.net/artwork/large/bidoof.jpg,9999,1
400,Bibarel,https://img.pokemondb.net/artwork/large/bibarel.jpg,9999,1
401,Kricketot,https://img.pokemondb.net/artwork/large/kricketot.jpg,9999,1
402,Kricketune,https://img.pokemondb.net/artwork/large/kricketune.jpg,9999,1
403,Shinx,https://img.pokemondb.net/artwork/large/shinx.jpg,9999,1
404,Luxio,https://img.pokemondb.net/artwork/large/luxio.jpg,9999,1
405,Luxray,https://img.pokemondb.net/artwork/large/luxray.jpg,9999,1
406,Budew,https://img.pokemondb.net/artwork/large/budew.jpg,9999,1
407,Roserade,https://img.pokemondb.net/artwork/large/roserade.jpg,9999,1
408,Cranidos,https://img.pokemondb.net/artwork/large/cranidos.jpg,9999,1
409,Rampardos,https://img.pokemondb.net/artwork/large/rampardos.jpg,9999,1
410,Shieldon,https://img.pokemondb.net/artwork/large/shieldon.jpg,9999,1
411,Bastiodon,https://img.pokemondb.net/artwork/large/bastiodon.jpg,9999,1
412,Burmy,https://img.pokemondb.net/artwork/large/burmy.jpg,9999,1
413,Wormadam,https://img.pokemondb.net/artwork/large/wormadam.jpg,9999,1
414,Mothim,https://img.pokemondb.net/artwork/large/mothim.jpg,9999,1
415,Combee,https://img.pokemondb.net/artwork/large/combee.jpg,9999,1
416,Vespiquen,https://img.pokemondb.net/artwork/large/vespiquen.jpg,9999,1
417,Pachirisu,https://img.pokemondb.net/artwork/large/pachirisu.jpg,9999,1
418,Buizel,https://img.pokemondb.net/artwork/large/buizel.jpg,9999,1
419,Floatzel,https://img.pokemondb.net/artwork/large/floatzel.jpg,9999,1
420,Cherubi,https://img.pokemondb.net/artwork/large/cherubi.jpg,9999,1
421,Cherrim,https://img.pokemondb.net/artwork/large/cherrim.jpg,9999,1
422,Shellos,https://img.pokemondb.net/artwork/large/shellos.jpg,9999,1
423,Gastrodon,https://img.pokemondb.net/artwork/large/gastrodon.jpg,9999,1
424,Ambipom,https://img.pokemondb.net/artwork/large/ambipom.jpg,9999,1
425,Drifloon,https://img.pokemondb.net/artwork/large/drifloon.jpg,9999,1
426,Drifblim,https://img.pokemondb.net/artwork/large/drifblim.jpg,9999,1
427,Buneary,https://img.pokemondb.net/artwork/large/buneary.jpg,9999,1
428,Lopunny,https://img.pokemondb.net/artwork/large/lopunny.jpg,9999,1
429,Mismagius,https://img.pokemondb.net/artwork/large/mismagius.jpg,9999,1
430,Honchkrow,https://img.pokemondb.net/artwork/large/honchkrow.jpg,9999,1
431,Glameow,https://img.pokemondb.net/artwork/large/glameow.jpg,9999,1
432,Purugly,https://img.pokemondb.net/artwork/large/purugly.jpg,9999,1
433,Chingling,https://img.pokemondb.net/artwork/large/chingling.jpg,9999,1
434,Stunky,https://img.pokemondb.net/artwork/large/stunky.jpg,9999,1
435,Skuntank,https://img.pokemondb.net/artwork/large/skuntank.jpg,9999,1
436,Bronzor,https://img.pokemondb.net/artwork/large/bronzor.jpg,9999,1
437,Bronzong,https://img.pokemondb.net/artwork/large/bronzong.jpg,9999,1
438,Bonsly,https://img.pokemondb.net/artwork/large/bonsly.jpg,9999,1
439,Mime Jr.,https://img.pokemondb.net/artwork/large/mime-jr..jpg,9999,1
440,Happiny,https://img.pokemondb.net/artwork/large/happiny.jpg,9999,1
441,Chatot,https://img.pokemondb.net/artwork/large/chatot.jpg,9999,1
442,Spiritomb,https://img.pokemondb.net/artwork/large/spiritomb.jpg,9999,1
443,Gible,https://img.pokemondb.net/artwork/large/gible.jpg,9999,1
444,Gabite,https://img.pokemondb.net/artwork/large/gabite.jpg,9999,1
445,Garchomp,https://img.pokemondb.net/artwork/large/garchomp.jpg,9999,1
446,Munchlax,https://img.pokemondb.net/artwork/large/munchlax.jpg,9999,1
447,Riolu,https://img.pokemondb.net/artwork/large/riolu.jpg,9999,1
448,Lucario,https://img.pokemondb.net/artwork/large/lucario.jpg,9999,1
449,Hippopotas,https://img.pokemondb.net/artwork/large/hippopotas.jpg,9999,1
450,Hippowdon,https://img.pokemondb.net/artwork/large/hippowdon.jpg,9999,1
451,Skorupi,https://img.pokemondb.net/artwork/large/skorupi.jpg,9999,1
452,Drapion,https://img.pokemondb.net/artwork/large/drapion.jpg,9999,1
453,Croagunk,https://img.pokemondb.net/artwork/large/croagunk.jpg,9999,1
454,Toxicroak,https://img.pokemondb.net/artwork/large/toxicroak.jpg,9999,1
455,Carnivine,https://img.pokemondb.net/artwork/large/carnivine.jpg,9999,1
456,Finneon,https://img.pokemondb.net/artwork/large/finneon.jpg,9999,1
457,Lumineon,https://img.pokemondb.net/artwork/large/lumineon.jpg,9999,1
458,Mantyke,https://img.pokemondb.net/artwork/large/mantyke.jpg,9999,1
459,Snover,https://img.pokemondb.net/artwork/large/snover.jpg,9999,1
460,Abomasnow,https://img.pokemondb.net/artwork/large/abomasnow.jpg,9999,1
461,Weavile,https://img.pokemondb.net/artwork/large/weavile.jpg,9999,1
462,Magnezone,https://img.pokemondb.net/artwork/large/magnezone.jpg,9999,1
463,Lickilicky,https://img.pokemondb.net/artwork/large/lickilicky.jpg,9999,1
464,Rhyperior,https://img.pokemondb.net/artwork/large/rhyperior.jpg,9999,1
465,Tangrowth,https://img.pokemondb.net/artwork/large/tangrowth.jpg,9999,1
466,Electivire,https://img.pokemondb.net/artwork/large/electivire.jpg,9999,1
467,Magmortar,https://img.pokemondb.net/artwork/large/magmortar.jpg,9999,1
468,Togekiss,https://img.pokemondb.net/artwork/large/togekiss.jpg,9999,1
469,Yanmega,https://img.pokemondb.net/artwork/large/yanmega.jpg,9999,1
470,Leafeon,https://img.pokemondb.net/artwork/large/leafeon.jpg,9999,1
471,Glaceon,https://img.pokemondb.net/artwork/large/glaceon.jpg,9999,1
472,Gliscor,https://img.pokemondb.net/artwork/large/gliscor.jpg,9999,1
473,Mamoswine,https://img.pokemondb.net/artwork/large/mamoswine.jpg,9999,1
474,Porygon-Z,https://img.pokemondb.net/artwork/large/porygon-z.jpg,9999,1
475,Gallade,https://img.pokemondb.net/artwork/large/gallade.jpg,9999,1
476,Probopass,https://img.pokemondb.net/artwork/large/probopass.jpg,9999,1
477,Dusknoir,https://img.pokemondb.net/artwork/large/dusknoir.jpg,9999,1
478,Froslass,https://img.pokemondb.net/artwork/large/froslass.jpg,9999,1
479,Rotom,https://img.pokemondb.net/artwork/large/rotom.jpg,9999,1
480,Uxie,https://img.pokemondb.net/artwork/large/uxie.jpg,9999,1
481,Mesprit,https://img.pokemondb.net/artwork/large/mesprit.jpg,9999,1
482,Azelf,https://img.pokemondb.net/artwork/large/azelf.jpg,9999,1
483,Dialga,https://img.pokemondb.net/artwork/large/dialga.jpg,9999,1
484,Palkia,https://img.pokemondb.net/artwork/large/palkia.jpg,9999,1
485,Heatran,https://img.pokemondb.net/artwork/large/heatran.jpg,9999,1
486,Regigigas,https://img.pokemondb.net/artwork/large/regigigas.jpg,9999,1
487,Giratina,https://img.pokemondb.net/artwork/large/giratina.jpg,9999,1
488,Cresselia,https://img.pokemondb.net/artwork/large/cresselia.jpg,9999,1
489,Phione,https://img.pokemondb.net/artwork/large/phione.jpg,9999,1
490,Manaphy,https://img.pokemondb.net/artwork/large/manaphy.jpg,9999,1
491,Darkrai,https://img.pokemondb.net/artwork/large/darkrai.jpg,9999,1
492,Shaymin,https://img.pokemondb.net/artwork/large/shaymin.jpg,9999,1
493,Arceus,https://img.pokemondb.net/artwork/large/arceus.jpg,9999,1
494,Victini,https://img.pokemondb.net/artwork/large/victini.jpg,9999,1
495,Snivy,https://img.pokemondb.net/artwork/large/snivy.jpg,9999,1
496,Servine,https://img.pokemondb.net/artwork/large/servine.jpg,9999,1
497,Serperior,https://img.pokemondb.net/artwork/large/serperior.jpg,9999,1
498,Tepig,https://img.pokemondb.net/artwork/large/tepig.jpg,9999,1
499,Pignite,https://img.pokemondb.net/artwork/large/pignite.jpg,9999,1
500,Emboar,https://img.pokemondb.net/artwork/large/emboar.jpg,9999,1
501,Oshawott,https://img.pokemondb.net/artwork/large/oshawott.jpg,9999,1
502,Dewott,https://img.pokemondb.net/artwork/large/dewott.jpg,9999,1
503,Samurott,https://img.pokemondb.net/artwork/large/samurott.jpg,9999,1
504,Patrat,https://img.pokemondb.net/artwork/large/patrat.jpg,9999,1
505,Watchog,https://img.pokemondb.net/artwork/large/watchog.jpg,9999,1
506,Lillipup,https://img.pokemondb.net/artwork/large/lillipup.jpg,9999,1
507,Herdier,https://img.pokemondb.net/artwork/large/herdier.jpg,9999,1
508,Stoutland,https://img.pokemondb.net/artwork/large/stoutland.jpg,9999,1
509,Purrloin,https://img.pokemondb.net/artwork/large/purrloin.jpg,9999,1
510,Liepard,https://img.pokemondb.net/artwork/large/liepard.jpg,9999,1
511,Pansage,https://img.pokemondb.net/artwork/large/pansage.jpg,9999,1
512,Simisage,https://img.pokemondb.net/artwork/large/simisage.jpg,9999,1
513,Pansear,https://img.pokemondb.net/artwork/large/pansear.jpg,9999,1
514,Simisear,https://img.pokemondb.net/artwork/large/simisear.jpg,9999,1
515,Panpour,https://img.pokemondb.net/artwork/large/panpour.jpg,9999,1
516,Simipour,https://img.pokemondb.net/artwork/large/simipour.jpg,9999,1
517,Munna,https://img.pokemondb.net/artwork/large/munna.jpg,9999,1
518,Musharna,https://img.pokemondb.net/artwork/large/musharna.jpg,9999,1
519,Pidove,https://img.pokemondb.net/artwork/large/pidove.jpg,9999,1
520,Tranquill,https://img.pokemondb.net/artwork/large/tranquill.jpg,9999,1
521,Unfezant,https://img.pokemondb.net/artwork/large/unfezant.jpg,9999,1
522,Blitzle,https://img.pokemondb.net/artwork/large/blitzle.jpg,9999,1
523,Zebstrika,https://img.pokemondb.net/artwork/large/zebstrika.jpg,9999,1
524,Roggenrola,https://img.pokemondb.net/artwork/large/roggenrola.jpg,9999,1
525,Boldore,https://img.pokemondb.net/artwork/large/boldore.jpg,9999,1
526,Gigalith,https://img.pokemondb.net/artwork/large/gigalith.jpg,9999,1
527,Woobat,https://img.pokemondb.net/artwork/large/woobat.jpg,9999,1
528,Swoobat,https://img.pokemondb.net/artwork/large/swoobat.jpg,9999,1
529,Drilbur,https://img.pokemondb.net/artwork/large/drilbur.jpg,9999,1
530,Excadrill,https://img.pokemondb.net/artwork/large/excadrill.jpg,9999,1
531,Audino,https://img.pokemondb.net/artwork/large/audino.jpg,9999,1
532,Timburr,https://img.pokemondb.net/artwork/large/timburr.jpg,9999,1
533,Gurdurr,https://img.pokemondb.net/artwork/large/gurdurr.jpg,9999,1
534,Conkeldurr,https://img.pokemondb.net/artwork/large/conkeldurr.jpg,9999,1
535,Tympole,https://img.pokemondb.net/artwork/large/tympole.jpg,9999,1
536,Palpitoad,https://img.pokemondb.net/artwork/large/palpitoad.jpg,9999,1
537,Seismitoad,https://img.pokemondb.net/artwork/large/seismitoad.jpg,9999,1
538,Throh,https://img.pokemondb.net/artwork/large/throh.jpg,9999,1
539,Sawk,https://img.pokemondb.net/artwork/large/sawk.jpg,9999,1
540,Sewaddle,https://img.pokemondb.net/artwork/large/sewaddle.jpg,9999,1
541,Swadloon,https://img.pokemondb.net/artwork/large/swadloon.jpg,9999,1
542,Leavanny,https://img.pokemondb.net/artwork/large/leavanny.jpg,9999,1
543,Venipede,https://img.pokemondb.net/artwork/large/venipede.jpg,9999,1
544,Whirlipede,https://img.pokemondb.net/artwork/large/whirlipede.jpg,9999,1
545,Scolipede,https://img.pokemondb.net/artwork/large/scolipede.jpg,9999,1
546,Cottonee,https://img.pokemondb.net/artwork/large/cottonee.jpg,9999,1
547,Whimsicott,https://img.pokemondb.net/artwork/large/whimsicott.jpg,9999,1
548,Petilil,https://img.pokemondb.net/artwork/large/petilil.jpg,9999,1
549,Lilligant,https://img.pokemondb.net/artwork/large/lilligant.jpg,9999,1
550,Basculin,https://img.pokemondb.net/artwork/large/basculin.jpg,9999,1
551,Sandile,https://img.pokemondb.net/artwork/large/sandile.jpg,9999,1
552,Krokorok,https://img.pokemondb.net/artwork/large/krokorok.jpg,9999,1
553,Krookodile,https://img.pokemondb.net/artwork/large/krookodile.jpg,9999,1
554,Darumaka,https://img.pokemondb.net/artwork/large/darumaka.jpg,9999,1
555,Darmanitan,https://img.pokemondb.net/artwork/large/darmanitan.jpg,9999,1
556,Maractus,https://img.pokemondb.net/artwork/large/maractus.jpg,9999,1
557,Dwebble,https://img.pokemondb.net/artwork/large/dwebble.jpg,9999,1
558,Crustle,https://img.pokemondb.net/artwork/large/crustle.jpg,9999,1
559,Scraggy,https://img.pokemondb.net/artwork/large/scraggy.jpg,9999,1
560,Scrafty,https://img.pokemondb.net/artwork/large/scrafty.jpg,9999,1
561,Sigilyph,https://img.pokemondb.net/artwork/large/sigilyph.jpg,9999,1
562,Yamask,https://img.pokemondb.net/artwork/large/yamask.jpg,9999,1
563,Cofagrigus,https://img.pokemondb.net/artwork/large/cofagrigus.jpg,9999,1
564,Tirtouga,https://img.pokemondb.net/artwork/large/tirtouga.jpg,9999,1
565,Carracosta,https://img.pokemondb.net/artwork/large/carracosta.jpg,9999,1
566,Archen,https://img.pokemondb.net/artwork/large/archen.jpg,9999,1
567,Archeops,https://img.pokemondb.net/artwork/large/archeops.jpg,9999,1
568,Trubbish,https://img.pokemondb.net/artwork/large/trubbish.jpg,9999,1
569,Garbodor,https://img.pokemondb.net/artwork/large/garbodor.jpg,9999,1
570,Zorua,https://img.pokemondb.net/artwork/large/zorua.jpg,9999,1
571,Zoroark,https://img.pokemondb.net/artwork/large/zoroark.jpg,9999,1
572,Minccino,https://img.pokemondb.net/artwork/large/minccino.jpg,9999,1
573,Cinccino,https://img.pokemondb.net/artwork/large/cinccino.jpg,9999,1
574,Gothita,https://img.pokemondb.net/artwork/large/gothita.jpg,9999,1
575,Gothorita,https://img.pokemondb.net/artwork/large/gothorita.jpg,9999,1
576,Gothitelle,https://img.pokemondb.net/artwork/large/gothitelle.jpg,9999,1
577,Solosis,https://img.pokemondb.net/artwork/large/solosis.jpg,9999,1
578,Duosion,https://img.pokemondb.net/artwork/large/duosion.jpg,9999,1
579,Reuniclus,https://img.pokemondb.net/artwork/large/reuniclus.jpg,9999,1
580,Ducklett,https://img.pokemondb.net/artwork/large/ducklett.jpg,9999,1
581,Swanna,https://img.pokemondb.net/artwork/large/swanna.jpg,9999,1
582,Vanillite,https://img.pokemondb.net/artwork/large/vanillite.jpg,9999,1
583,Vanillish,https://img.pokemondb.net/artwork/large/vanillish.jpg,9999,1
584,Vanilluxe,https://img.pokemondb.net/artwork/large/vanilluxe.jpg,9999,1
585,Deerling,https://img.pokemondb.net/artwork/large/deerling.jpg,9999,1
586,Sawsbuck,https://img.pokemondb.net/artwork/large/sawsbuck.jpg,9999,1
587,Emolga,https://img.pokemondb.net/artwork/large/emolga.jpg,9999,1
588,Karrablast,https://img.pokemondb.net/artwork/large/karrablast.jpg,9999,1
589,Escavalier,https://img.pokemondb.net/artwork/large/escavalier.jpg,9999,1
590,Foongus,https://img.pokemondb.net/artwork/large/foongus.jpg,9999,1
591,Amoonguss,https://img.pokemondb.net/artwork/large/amoonguss.jpg,9999,1
592,Frillish,https://img.pokemondb.net/artwork/large/frillish.jpg,9999,1
593,Jellicent,https://img.pokemondb.net/artwork/large/jellicent.jpg,9999,1
594,Alomomola,https://img.pokemondb.net/artwork/large/alomomola.jpg,9999,1
595,Joltik,https://img.pokemondb.net/artwork/large/joltik.jpg,9999,1
596,Galvantula,https://img.pokemondb.net/artwork/large/galvantula.jpg,9999,1
597,Ferroseed,https://img.pokemondb.net/artwork/large/ferroseed.jpg,9999,1
598,Ferrothorn,https://img.pokemondb.net/artwork/large/ferrothorn.jpg,9999,1
599,Klink,https://img.pokemondb.net/artwork/large/klink.jpg,9999,1
600,Klang,https://img.pokemondb.net/artwork/large/klang.jpg,9999,1
601,Klinklang,https://img.pokemondb.net/artwork/large/klinklang.jpg,9999,1
602,Tynamo,https://img.pokemondb.net/artwork/large/tynamo.jpg,9999,1
603,Eelektrik,https://img.pokemondb.net/artwork/large/eelektrik.jpg,9999,1
604,Eelektross,https://img.pokemondb.net/artwork/large/eelektross.jpg,9999,1
605,Elgyem,https://img.pokemondb.net/artwork/large/elgyem.jpg,9999,1
606,Beheeyem,https://img.pokemondb.net/artwork/large/beheeyem.jpg,9999,1
607,Litwick,https://img.pokemondb.net/artwork/large/litwick.jpg,9999,1
608,Lampent,https://img.pokemondb.net/artwork/large/lampent.jpg,9999,1
609,Chandelure,https://img.pokemondb.net/artwork/large/chandelure.jpg,9999,1
610,Axew,https://img.pokemondb.net/artwork/large/axew.jpg,9999,1
611,Fraxure,https://img.pokemondb.net/artwork/large/fraxure.jpg,9999,1
612,Haxorus,https://img.pokemondb.net/artwork/large/haxorus.jpg,9999,1
613,Cubchoo,https://img.pokemondb.net/artwork/large/cubchoo.jpg,9999,1
614,Beartic,https://img.pokemondb.net/artwork/large/beartic.jpg,9999,1
615,Cryogonal,https://img.pokemondb.net/artwork/large/cryogonal.jpg,9999,1
616,Shelmet,https://img.pokemondb.net/artwork/large/shelmet.jpg,9999,1
617,Accelgor,https://img.pokemondb.net/artwork/large/accelgor.jpg,9999,1
618,Stunfisk,https://img.pokemondb.net/artwork/large/stunfisk.jpg,9999,1
619,Mienfoo,https://img.pokemondb.net/artwork/large/mienfoo.jpg,9999,1
620,Mienshao,https://img.pokemondb.net/artwork/large/mienshao.jpg,9999,1
621,Druddigon,https://img.pokemondb.net/artwork/large/druddigon.jpg,9999,1
622,Golett,https://img.pokemondb.net/artwork/large/golett.jpg,9999,1
623,Golurk,https://img.pokemondb.net/artwork/large/golurk.jpg,9999,1
624,Pawniard,https://img.pokemondb.net/artwork/large/pawniard.jpg,9999,1
625,Bisharp,https://img.pokemondb.net/artwork/large/bisharp.jpg,9999,1
626,Bouffalant,https://img.pokemondb.net/artwork/large/bouffalant.jpg,9999,1
627,Rufflet,https://img.pokemondb.net/artwork/large/rufflet.jpg,9999,1
628,Braviary,https://img.pokemondb.net/artwork/large/braviary.jpg,9999,1
629,Vullaby,https://img.pokemondb.net/artwork/large/vullaby.jpg,9999,1
630,Mandibuzz,https://img.pokemondb.net/artwork/large/mandibuzz.jpg,9999,1
631,Heatmor,https://img.pokemondb.net/artwork/large/heatmor.jpg,9999,1
632,Durant,https://img.pokemondb.net/artwork/large/durant.jpg,9999,1
633,Deino,https://img.pokemondb.net/artwork/large/deino.jpg,9999,1
634,Zweilous,https://img.pokemondb.net/artwork/large/zweilous.jpg,9999,1
635,Hydreigon,https://img.pokemondb.net/artwork/large/hydreigon.jpg,9999,1
636,Larvesta,https://img.pokemondb.net/artwork/large/larvesta.jpg,9999,1
637,Volcarona,https://img.pokemondb.net/artwork/large/volcarona.jpg,9999,1
638,Cobalion,https://img.pokemondb.net/artwork/large/cobalion.jpg,9999,1
639,Terrakion,https://img.pokemondb.net/artwork/large/terrakion.jpg,9999,1
640,Virizion,https://img.pokemondb.net/artwork/large/virizion.jpg,9999,1
641,Tornadus,https://img.pokemondb.net/artwork/large/tornadus.jpg,9999,1
642,Thundurus,https://img.pokemondb.net/artwork/large/thundurus.jpg,9999,1
643,Reshiram,https://img.pokemondb.net/artwork/large/reshiram.jpg,9999,1
644,Zekrom,https://img.pokemondb.net/artwork/large/zekrom.jpg,9999,1
645,Landorus,https://img.pokemondb.net/artwork/large/landorus.jpg,9999,1
646,Kyurem,https://img.pokemondb.net/artwork/large/kyurem.jpg,9999,1
647,Keldeo,https://img.pokemondb.net/artwork/large/keldeo.jpg,9999,1
648,Meloetta,https://img.pokemondb.net/artwork/large/meloetta.jpg,9999,1
649,Genesect,https://img.pokemondb.net/artwork/large/genesect.jpg,9999,1
650,Chespin,https://img.pokemondb.net/artwork/large/chespin.jpg,9999,1
651,Quilladin,https://img.pokemondb.net/artwork/large/quilladin.jpg,9999,1
652,Chesnaught,https://img.pokemondb.net/artwork/large/chesnaught.jpg,9999,1
653,Fennekin,https://img.pokemondb.net/artwork/large/fennekin.jpg,9999,1
654,Braixen,https://img.pokemondb.net/artwork/large/braixen.jpg,9999,1
655,Delphox,https://img.pokemondb.net/artwork/large/delphox.jpg,9999,1
656,Froakie,https://img.pokemondb.net/artwork/large/froakie.jpg,9999,1
657,Frogadier,https://img.pokemondb.net/artwork/large/frogadier.jpg,9999,1
658,Greninja,https://img.pokemondb.net/artwork/large/greninja.jpg,9999,1
659,Bunnelby,https://img.pokemondb.net/artwork/large/bunnelby.jpg,9999,1
660,Diggersby,https://img.pokemondb.net/artwork/large/diggersby.jpg,9999,1
661,Fletchling,https://img.pokemondb.net/artwork/large/fletchling.jpg,9999,1
662,Fletchinder,https://img.pokemondb.net/artwork/large/fletchinder.jpg,9999,1
663,Talonflame,https://img.pokemondb.net/artwork/large/talonflame.jpg,9999,1
664,Scatterbug,https://img.pokemondb.net/artwork/large/scatterbug.jpg,9999,1
665,Spewpa,https://img.pokemondb.net/artwork/large/spewpa.jpg,9999,1
666,Vivillon,https://img.pokemondb.net/artwork/large/vivillon.jpg,9999,1
667,Litleo,https://img.pokemondb.net/artwork/large/litleo.jpg,9999,1
668,Pyroar,https://img.pokemondb.net/artwork/large/pyroar.jpg,9999,1
669,Flabébé,https://img.pokemondb.net/artwork/large/flabébé.jpg,9999,1
670,Floette,https://img.pokemondb.net/artwork/large/floette.jpg,9999,1
671,Florges,https://img.pokemondb.net/artwork/large/florges.jpg,9999,1
672,Skiddo,https://img.pokemondb.net/artwork/large/skiddo.jpg,9999,1
673,Gogoat,https://img.pokemondb.net/artwork/large/gogoat.jpg,9999,1
674,Pancham,https://img.pokemondb.net/artwork/large/pancham.jpg,9999,1
675,Pangoro,https://img.pokemondb.net/artwork/large/pangoro.jpg,9999,1
676,Furfrou,https://img.pokemondb.net/artwork/large/furfrou.jpg,9999,1
677,Espurr,https://img.pokemondb.net/artwork/large/espurr.jpg,9999,1
678,Meowstic,https://img.pokemondb.net/artwork/large/meowstic.jpg,9999,1
679,Honedge,https://img.pokemondb.net/artwork/large/honedge.jpg,9999,1
680,Doublade,https://img.pokemondb.net/artwork/large/doublade.jpg,9999,1
681,Aegislash,https://img.pokemondb.net/artwork/large/aegislash.jpg,9999,1
682,Spritzee,https://img.pokemondb.net/artwork/large/spritzee.jpg,9999,1
683,Aromatisse,https://img.pokemondb.net/artwork/large/aromatisse.jpg,9999,1
684,Swirlix,https://img.pokemondb.net/artwork/large/swirlix.jpg,9999,1
685,Slurpuff,https://img.pokemondb.net/artwork/large/slurpuff.jpg,9999,1
686,Inkay,https://img.pokemondb.net/artwork/large/inkay.jpg,9999,1
687,Malamar,https://img.pokemondb.net/artwork/large/malamar.jpg,9999,1
688,Binacle,https://img.pokemondb.net/artwork/large/binacle.jpg,9999,1
689,Barbaracle,https://img.pokemondb.net/artwork/large/barbaracle.jpg,9999,1
690,Skrelp,https://img.pokemondb.net/artwork/large/skrelp.jpg,9999,1
691,Dragalge,https://img.pokemondb.net/artwork/large/dragalge.jpg,9999,1
692,Clauncher,https://img.pokemondb.net/artwork/large/clauncher.jpg,9999,1
693,Clawitzer,https://img.pokemondb.net/artwork/large/clawitzer.jpg,9999,1
694,Helioptile,https://img.pokemondb.net/artwork/large/helioptile.jpg,9999,1
695,Heliolisk,https://img.pokemondb.net/artwork/large/heliolisk.jpg,9999,1
696,Tyrunt,https://img.pokemondb.net/artwork/large/tyrunt.jpg,9999,1
697,Tyrantrum,https://img.pokemondb.net/artwork/large/tyrantrum.jpg,9999,1
698,Amaura,https://img.pokemondb.net/artwork/large/amaura.jpg,9999,1
699,Aurorus,https://img.pokemondb.net/artwork/large/aurorus.jpg,9999,1
700,Sylveon,https://img.pokemondb.net/artwork/large/sylveon.jpg,9999,1
701,Hawlucha,https://img.pokemondb.net/artwork/large/hawlucha.jpg,9999,1
702,Dedenne,https://img.pokemondb.net/artwork/large/dedenne.jpg,9999,1
703,Carbink,https://img.pokemondb.net/artwork/large/carbink.jpg,9999,1
704,Goomy,https://img.pokemondb.net/artwork/large/goomy.jpg,9999,1
705,Sliggoo,https://img.pokemondb.net/artwork/large/sliggoo.jpg,9999,1
706,Goodra,https://img.pokemondb.net/artwork/large/goodra.jpg,9999,1
707,Klefki,https://img.pokemondb.net/artwork/large/klefki.jpg,9999,1
708,Phantump,https://img.pokemondb.net/artwork/large/phantump.jpg,9999,1
709,Trevenant,https://img.pokemondb.net/artwork/large/trevenant.jpg,9999,1
710,Pumpkaboo,https://img.pokemondb.net/artwork/large/pumpkaboo.jpg,9999,1
711,Gourgeist,https://img.pokemondb.net/artwork/large/gourgeist.jpg,9999,1
712,Bergmite,https://img.pokemondb.net/artwork/large/bergmite.jpg,9999,1
713,Avalugg,https://img.pokemondb.net/artwork/large/avalugg.jpg,9999,1
714,Noibat,https://img.pokemondb.net/artwork/large/noibat.jpg,9999,1
715,Noivern,https://img.pokemondb.net/artwork/large/noivern.jpg,9999,1
716,Xerneas,https://img.pokemondb.net/artwork/large/xerneas.jpg,9999,1
717,Yveltal,https://img.pokemondb.net/artwork/large/yveltal.jpg,9999,1
718,Zygarde,https://img.pokemondb.net/artwork/large/zygarde.jpg,9999,1
719,Diancie,https://img.pokemondb.net/artwork/large/diancie.jpg,9999,1
720,Hoopa,https://img.pokemondb.net/artwork/large/hoopa.jpg,9999,1
721,Volcanion,https://img.pokemondb.net/artwork/large/volcanion.jpg,9999,1
722,Rowlet,https://img.pokemondb.net/artwork/large/rowlet.jpg,9999,1
723,Dartrix,https://img.pokemondb.net/artwork/large/dartrix.jpg,9999,1
724,Decidueye,https://img.pokemondb.net/artwork/large/decidueye.jpg,9999,1
725,Litten,https://img.pokemondb.net/artwork/large/litten.jpg,9999,1
726,Torracat,https://img.pokemondb.net/artwork/large/torracat.jpg,9999,1
727,Incineroar,https://img.pokemondb.net/artwork/large/incineroar.jpg,9999,1
728,Popplio,https://img.pokemondb.net/artwork/large/popplio.jpg,9999,1
729,Brionne,https://img.pokemondb.net/artwork/large/brionne.jpg,9999,1
730,Primarina,https://img.pokemondb.net/artwork/large/primarina.jpg,9999,1
731,Pikipek,https://img.pokemondb.net/artwork/large/pikipek.jpg,9999,1
732,Trumbeak,https://img.pokemondb.net/artwork/large/trumbeak.jpg,9999,1
733,Toucannon,https://img.pokemondb.net/artwork/large/toucannon.jpg,9999,1
734,Yungoos,https://img.pokemondb.net/artwork/large/yungoos.jpg,9999,1
735,Gumshoos,https://img.pokemondb.net/artwork/large/gumshoos.jpg,9999,1
736,Grubbin,https://img.pokemondb.net/artwork/large/grubbin.jpg,9999,1
737,Charjabug,https://img.pokemondb.net/artwork/large/charjabug.jpg,9999,1
738,Vikavolt,https://img.pokemondb.net/artwork/large/vikavolt.jpg,9999,1
739,Crabrawler,https://img.pokemondb.net/artwork/large/crabrawler.jpg,9999,1
740,Crabominable,https://img.pokemondb.net/artwork/large/crabominable.jpg,9999,1
741,Oricorio,https://img.pokemondb.net/artwork/large/oricorio.jpg,9999,1
742,Cutiefly,https://img.pokemondb.net/artwork/large/cutiefly.jpg,9999,1
743,Ribombee,https://img.pokemondb.net/artwork/large/ribombee.jpg,9999,1
744,Rockruff,https://img.pokemondb.net/artwork/large/rockruff.jpg,9999,1
745,Lycanroc,https://img.pokemondb.net/artwork/large/lycanroc.jpg,9999,1
746,Wishiwashi,https://img.pokemondb.net/artwork/large/wishiwashi.jpg,9999,1
747,Mareanie,https://img.pokemondb.net/artwork/large/mareanie.jpg,9999,1
748,Toxapex,https://img.pokemondb.net/artwork/large/toxapex.jpg,9999,1
749,Mudbray,https://img.pokemondb.net/artwork/large/mudbray.jpg,9999,1
750,Mudsdale,https://img.pokemondb.net/artwork/large/mudsdale.jpg,9999,1
751,Dewpider,https://img.pokemondb.net/artwork/large/dewpider.jpg,9999,1
752,Araquanid,https://img.pokemondb.net/artwork/large/araquanid.jpg,9999,1
753,Fomantis,https://img.pokemondb.net/artwork/large/fomantis.jpg,9999,1
754,Lurantis,https://img.pokemondb.net/artwork/large/lurantis.jpg,9999,1
755,Morelull,https://img.pokemondb.net/artwork/large/morelull.jpg,9999,1
756,Shiinotic,https://img.pokemondb.net/artwork/large/shiinotic.jpg,9999,1
757,Salandit,https://img.pokemondb.net/artwork/large/salandit.jpg,9999,1
758,Salazzle,https://img.pokemondb.net/artwork/large/salazzle.jpg,9999,1
759,Stufful,https://img.pokemondb.net/artwork/large/stufful.jpg,9999,1
760,Bewear,https://img.pokemondb.net/artwork/large/bewear.jpg,9999,1
761,Bounsweet,https://img.pokemondb.net/artwork/large/bounsweet.jpg,9999,1
762,Steenee,https://img.pokemondb.net/artwork/large/steenee.jpg,9999,1
763,Tsareena,https://img.pokemondb.net/artwork/large/tsareena.jpg,9999,1
764,Comfey,https://img.pokemondb.net/artwork/large/comfey.jpg,9999,1
765,Oranguru,https://img.pokemondb.net/artwork/large/oranguru.jpg,9999,1
766,Passimian,https://img.pokemondb.net/artwork/large/passimian.jpg,9999,1
767,Wimpod,https://img.pokemondb.net/artwork/large/wimpod.jpg,9999,1
768,Golisopod,https://img.pokemondb.net/artwork/large/golisopod.jpg,9999,1
769,Sandygast,https://img.pokemondb.net/artwork/large/sandygast.jpg,9999,1
770,Palossand,https://img.pokemondb.net/artwork/large/palossand.jpg,9999,1
771,Pyukumuku,https://img.pokemondb.net/artwork/large/pyukumuku.jpg,9999,1
772,Type: Null,https://img.pokemondb.net/artwork/large/type:-null.jpg,9999,1
773,Silvally,https://img.pokemondb.net/artwork/large/silvally.jpg,9999,1
774,Minior,https://img.pokemondb.net/artwork/large/minior.jpg,9999,1
775,Komala,https://img.pokemondb.net/artwork/large/komala.jpg,9999,1
776,Turtonator,https://img.pokemondb.net/artwork/large/turtonator.jpg,9999,1
777,Togedemaru,https://img.pokemondb.net/artwork/large/togedemaru.jpg,9999,1
778,Mimikyu,https://img.pokemondb.net/artwork/large/mimikyu.jpg,9999,1
779,Bruxish,https://img.pokemondb.net/artwork/large/bruxish.jpg,9999,1
780,Drampa,https://img.pokemondb.net/artwork/large/drampa.jpg,9999,1
781,Dhelmise,https://img.pokemondb.net/artwork/large/dhelmise.jpg,9999,1
782,Jangmo-o,https://img.pokemondb.net/artwork/large/jangmo-o.jpg,9999,1
783,Hakamo-o,https://img.pokemondb.net/artwork/large/hakamo-o.jpg,9999,1
784,Kommo-o,https://img.pokemondb.net/artwork/large/kommo-o.jpg,9999,1
785,Tapu Koko,https://img.pokemondb.net/artwork/large/tapu-koko.jpg,9999,1
786,Tapu Lele,https://img.pokemondb.net/artwork/large/tapu-lele.jpg,9999,1
787,Tapu Bulu,https://img.pokemondb.net/artwork/large/tapu-bulu.jpg,9999,1
788,Tapu Fini,https://img.pokemondb.net/artwork/large/tapu-fini.jpg,9999,1
789,Cosmog,https://img.pokemondb.net/artwork/large/cosmog.jpg,9999,1
790,Cosmoem,https://img.pokemondb.net/artwork/large/cosmoem.jpg,9999,1
791,Solgaleo,https://img.pokemondb.net/artwork/large/solgaleo.jpg,9999,1
792,Lunala,https://img.pokemondb.net/artwork/large/lunala.jpg,9999,1
793,Nihilego,https://img.pokemondb.net/artwork/large/nihilego.jpg,9999,1
794,Buzzwole,https://img.pokemondb.net/artwork/large/buzzwole.jpg,9999,1
795,Pheromosa,https://img.pokemondb.net/artwork/large/pheromosa.jpg,9999,1
796,Xurkitree,https://img.pokemondb.net/artwork/large/xurkitree.jpg,9999,1
797,Celesteela,https://img.pokemondb.net/artwork/large/celesteela.jpg,9999,1
798,Kartana,https://img.pokemondb.net/artwork/large/kartana.jpg,9999,1
799,Guzzlord,https://img.pokemondb.net/artwork/large/guzzlord.jpg,9999,1
800,Necrozma,https://img.pokemondb.net/artwork/large/necrozma.jpg,9999,1
801,Magearna,https://img.pokemondb.net/artwork/large/magearna.jpg,9999,1
802,Marshadow,https://img.pokemondb.net/artwork/large/marshadow.jpg,9999,1
803,Poipole,https://img.pokemondb.net/artwork/large/poipole.jpg,9999,1
804,Naganadel,https://img.pokemondb.net/artwork/large/naganadel.jpg,9999,1
805,Stakataka,https://img.pokemondb.net/artwork/large/stakataka.jpg,9999,1
806,Blacephalon,https://img.pokemondb.net/artwork/large/blacephalon.jpg,9999,1
807,Zeraora,https://img.pokemondb.net/artwork/large/zeraora.jpg,9999,1
808,Meltan,https://img.pokemondb.net/artwork/large/meltan.jpg,9999,1
809,Melmetal,https://img.pokemondb.net/artwork/large/melmetal.jpg,9999,1
810,Grookey,https://img.pokemondb.net/artwork/large/grookey.jpg,9999,1
811,Thwackey,https://img.pokemondb.net/artwork/large/thwackey.jpg,9999,1
812,Rillaboom,https://img.pokemondb.net/artwork/large/rillaboom.jpg,9999,1
813,Scorbunny,https://img.pokemondb.net/artwork/large/scorbunny.jpg,9999,1
814,Raboot,https://img.pokemondb.net/artwork/large/raboot.jpg,9999,1
815,Cinderace,https://img.pokemondb.net/artwork/large/cinderace.jpg,9999,1
816,Sobble,https://img.pokemondb.net/artwork/large/sobble.jpg,9999,1
817,Drizzile,https://img.pokemondb.net/artwork/large/drizzile.jpg,9999,1
818,Inteleon,https://img.pokemondb.net/artwork/large/inteleon.jpg,9999,1
819,Skwovet,https://img.pokemondb.net/artwork/large/skwovet.jpg,9999,1
820,Greedent,https://img.pokemondb.net/artwork/large/greedent.jpg,9999,1
821,Rookidee,https://img.pokemondb.net/artwork/large/rookidee.jpg,9999,1
822,Corvisquire,https://img.pokemondb.net/artwork/large/corvisquire.jpg,9999,1
823,Corviknight,https://img.pokemondb.net/artwork/large/corviknight.jpg,9999,1
824,Blipbug,https://img.pokemondb.net/artwork/large/blipbug.jpg,9999,1
825,Dottler,https://img.pokemondb.net/artwork/large/dottler.jpg,9999,1
826,Orbeetle,https://img.pokemondb.net/artwork/large/orbeetle.jpg,9999,1
827,Nickit,https://img.pokemondb.net/artwork/large/nickit.jpg,9999,1
828,Thievul,https://img.pokemondb.net/artwork/large/thievul.jpg,9999,1
829,Gossifleur,https://img.pokemondb.net/artwork/large/gossifleur.jpg,9999,1
830,Eldegoss,https://img.pokemondb.net/artwork/large/eldegoss.jpg,9999,1
831,Wooloo,https://img.pokemondb.net/artwork/large/wooloo.jpg,9999,1
832,Dubwool,https://img.pokemondb.net/artwork/large/dubwool.jpg,9999,1
833,Chewtle,https://img.pokemondb.net/artwork/large/chewtle.jpg,9999,1
834,Drednaw,https://img.pokemondb.net/artwork/large/drednaw.jpg,9999,1
835,Yamper,https://img.pokemondb.net/artwork/large/yamper.jpg,9999,1
836,Boltund,https://img.pokemondb.net/artwork/large/boltund.jpg,9999,1
837,Rolycoly,https://img.pokemondb.net/artwork/large/rolycoly.jpg,9999,1
838,Carkol,https://img.pokemondb.net/artwork/large/carkol.jpg,9999,1
839,Coalossal,https://img.pokemondb.net/artwork/large/coalossal.jpg,9999,1
840,Applin,https://img.pokemondb.net/artwork/large/applin.jpg,9999,1
841,Flapple,https://img.pokemondb.net/artwork/large/flapple.jpg,9999,1
842,Appletun,https://img.pokemondb.net/artwork/large/appletun.jpg,9999,1
843,Silicobra,https://img.pokemondb.net/artwork/large/silicobra.jpg,9999,1
844,Sandaconda,https://img.pokemondb.net/artwork/large/sandaconda.jpg,9999,1
845,Cramorant,https://img.pokemondb.net/artwork/large/cramorant.jpg,9999,1
846,Arrokuda,https://img.pokemondb.net/artwork/large/arrokuda.jpg,9999,1
847,Barraskewda,https://img.pokemondb.net/artwork/large/barraskewda.jpg,9999,1
848,Toxel,https://img.pokemondb.net/artwork/large/toxel.jpg,9999,1
849,Toxtricity,https://img.pokemondb.net/artwork/large/toxtricity.jpg,9999,1
850,Sizzlipede,https://img.pokemondb.net/artwork/large/sizzlipede.jpg,9999,1
851,Centiskorch,https://img.pokemondb.net/artwork/large/centiskorch.jpg,9999,1
852,Clobbopus,https://img.pokemondb.net/artwork/large/clobbopus.jpg,9999,1
853,Grapploct,https://img.pokemondb.net/artwork/large/grapploct.jpg,9999,1
854,Sinistea,https://img.pokemondb.net/artwork/large/sinistea.jpg,9999,1
855,Polteageist,https://img.pokemondb.net/artwork/large/polteageist.jpg,9999,1
856,Hatenna,https://img.pokemondb.net/artwork/large/hatenna.jpg,9999,1
857,Hattrem,https://img.pokemondb.net/artwork/large/hattrem.jpg,9999,1
858,Hatterene,https://img.pokemondb.net/artwork/large/hatterene.jpg,9999,1
859,Impidimp,https://img.pokemondb.net/artwork/large/impidimp.jpg,9999,1
860,Morgrem,https://img.pokemondb.net/artwork/large/morgrem.jpg,9999,1
861,Grimmsnarl,https://img.pokemondb.net/artwork/large/grimmsnarl.jpg,9999,1
862,Obstagoon,https://img.pokemondb.net/artwork/large/obstagoon.jpg,9999,1
863,Perrserker,https://img.pokemondb.net/artwork/large/perrserker.jpg,9999,1
864,Cursola,https://img.pokemondb.net/artwork/large/cursola.jpg,9999,1
865,Sirfetch'd,https://img.pokemondb.net/artwork/large/sirfetch'd.jpg,9999,1
866,Mr. Rime,https://img.pokemondb.net/artwork/large/mr.-rime.jpg,9999,1
867,Runerigus,https://img.pokemondb.net/artwork/large/runerigus.jpg,9999,1
868,Milcery,https://img.pokemondb.net/artwork/large/milcery.jpg,9999,1
869,Alcremie,https://img.pokemondb.net/artwork/large/alcremie.jpg,9999,1
870,Falinks,https://img.pokemondb.net/artwork/large/falinks.jpg,9999,1
871,Pincurchin,https://img.pokemondb.net/artwork/large/pincurchin.jpg,9999,1
872,Snom,https://img.pokemondb.net/artwork/large/snom.jpg,9999,1
873,Frosmoth,https://img.pokemondb.net/artwork/large/frosmoth.jpg,9999,1
874,Stonjourner,https://img.pokemondb.net/artwork/large/stonjourner.jpg,9999,1
875,Eiscue,https://img.pokemondb.net/artwork/large/eiscue.jpg,9999,1
876,Indeedee,https://img.pokemondb.net/artwork/large/indeedee.jpg,9999,1
877,Morpeko,https://img.pokemondb.net/artwork/large/morpeko.jpg,9999,1
878,Cufant,https://img.pokemondb.net/artwork/large/cufant.jpg,9999,1
879,Copperajah,https://img.pokemondb.net/artwork/large/copperajah.jpg,9999,1
880,Dracozolt,https://img.pokemondb.net/artwork/large/dracozolt.jpg,9999,1
881,Arctozolt,https://img.pokemondb.net/artwork/large/arctozolt.jpg,9999,1
882,Dracovish,https://img.pokemondb.net/artwork/large/dracovish.jpg,9999,1
883,Arctovish,https://img.pokemondb.net/artwork/large/arctovish.jpg,9999,1
884,Duraludon,https://img.pokemondb.net/artwork/large/duraludon.jpg,9999,1
885,Dreepy,https://img.pokemondb.net/artwork/large/dreepy.jpg,9999,1
886,Drakloak,https://img.pokemondb.net/artwork/large/drakloak.jpg,9999,1
887,Dragapult,https://img.pokemondb.net/artwork/large/dragapult.jpg,9999,1
888,Zacian,https://img.pokemondb.net/artwork/large/zacian.jpg,9999,1
889,Zamazenta,https://img.pokemondb.net/artwork/large/zamazenta.jpg,9999,1
890,Eternatus,https://img.pokemondb.net/artwork/large/eternatus.jpg,9999,1
891,Kubfu,https://img.pokemondb.net/artwork/large/kubfu.jpg,9999,1
892,Urshifu,https://img.pokemondb.net/artwork/large/urshifu.jpg,9999,1
893,Zarude,https://img.pokemondb.net/artwork/large/zarude.jpg,9999,1
894,Regieleki,https://img.pokemondb.net/artwork/large/regieleki.jpg,9999,1
895,Regidrago,https://img.pokemondb.net/artwork/large/regidrago.jpg,9999,1
896,Glastrier,https://img.pokemondb.net/artwork/large/glastrier.jpg,9999,1
897,Spectrier,https://img.pokemondb.net/artwork/large/spectrier.jpg,9999,1
898,Calyrex,https://img.pokemondb.net/artwork/large/calyrex.jpg,9999,1
899,Wyrdeer,https://img.pokemondb.net/artwork/large/wyrdeer.jpg,9999,1
900,Kleavor,https://img.pokemondb.net/artwork/large/kleavor.jpg,9999,1
901,Ursaluna,https://img.pokemondb.net/artwork/large/ursaluna.jpg,9999,1
902,Basculegion,https://img.pokemondb.net/artwork/large/basculegion.jpg,9999,1
903,Sneasler,https://img.pokemondb.net/artwork/large/sneasler.jpg,9999,1
904,Overqwil,https://img.pokemondb.net/artwork/large/overqwil.jpg,9999,1
905,Enamorus,https://img.pokemondb.net/artwork/large/enamorus.jpg,9999,1
906,Sprigatito,https://img.pokemondb.net/artwork/large/sprigatito.jpg,9999,1
907,Floragato,https://img.pokemondb.net/artwork/large/floragato.jpg,9999,1
908,Meowscarada,https://img.pokemondb.net/artwork/large/meowscarada.jpg,9999,1
909,Fuecoco,https://img.pokemondb.net/artwork/large/fuecoco.jpg,9999,1
910,Crocalor,https://img.pokemondb.net/artwork/large/crocalor.jpg,9999,1
911,Skeledirge,https://img.pokemondb.net/artwork/large/skeledirge.jpg,9999,1
912,Quaxly,https://img.pokemondb.net/artwork/large/quaxly.jpg,9999,1
913,Quaxwell,https://img.pokemondb.net/artwork/large/quaxwell.jpg,9999,1
914,Quaquaval,https://img.pokemondb.net/artwork/large/quaquaval.jpg,9999,1
915,Lechonk,https://img.pokemondb.net/artwork/large/lechonk.jpg,9999,1
916,Oinkologne,https://img.pokemondb.net/artwork/large/oinkologne.jpg,9999,1
917,Tarountula,https://img.pokemondb.net/artwork/large/tarountula.jpg,9999,1
918,Spidops,https://img.pokemondb.net/artwork/large/spidops.jpg,9999,1
919,Nymble,https://img.pokemondb.net/artwork/large/nymble.jpg,9999,1
920,Lokix,https://img.pokemondb.net/artwork/large/lokix.jpg,9999,1
921,Pawmi,https://img.pokemondb.net/artwork/large/pawmi.jpg,9999,1
922,Pawmo,https://img.pokemondb.net/artwork/large/pawmo.jpg,9999,1
923,Pawmot,https://img.pokemondb.net/artwork/large/pawmot.jpg,9999,1
924,Tandemaus,https://img.pokemondb.net/artwork/large/tandemaus.jpg,9999,1
925,Maushold,https://img.pokemondb.net/artwork/large/maushold.jpg,9999,1
926,Fidough,https://img.pokemondb.net/artwork/large/fidough.jpg,9999,1
927,Dachsbun,https://img.pokemondb.net/artwork/large/dachsbun.jpg,9999,1
928,Smoliv,https://img.pokemondb.net/artwork/large/smoliv.jpg,9999,1
929,Dolliv,https://img.pokemondb.net/artwork/large/dolliv.jpg,9999,1
930,Arboliva,https://img.pokemondb.net/artwork/large/arboliva.jpg,9999,1
931,Squawkabilly,https://img.pokemondb.net/artwork/large/squawkabilly.jpg,9999,1
932,Nacli,https://img.pokemondb.net/artwork/large/nacli.jpg,9999,1
933,Naclstack,https://img.pokemondb.net/artwork/large/naclstack.jpg,9999,1
934,Garganacl,https://img.pokemondb.net/artwork/large/garganacl.jpg,9999,1
935,Charcadet,https://img.pokemondb.net/artwork/large/charcadet.jpg,9999,1
936,Armarouge,https://img.pokemondb.net/artwork/large/armarouge.jpg,9999,1
937,Ceruledge,https://img.pokemondb.net/artwork/large/ceruledge.jpg,9999,1
938,Tadbulb,https://img.pokemondb.net/artwork/large/tadbulb.jpg,9999,1
939,Bellibolt,https://img.pokemondb.net/artwork/large/bellibolt.jpg,9999,1
940,Wattrel,https://img.pokemondb.net/artwork/large/wattrel.jpg,9999,1
941,Kilowattrel,https://img.pokemondb.net/artwork/large/kilowattrel.jpg,9999,1
942,Maschiff,https://img.pokemondb.net/artwork/large/maschiff.jpg,9999,1
943,Mabosstiff,https://img.pokemondb.net/artwork/large/mabosstiff.jpg,9999,1
944,Shroodle,https://img.pokemondb.net/artwork/large/shroodle.jpg,9999,1
945,Grafaiai,https://img.pokemondb.net/artwork/large/grafaiai.jpg,9999,1
946,Bramblin,https://img.pokemondb.net/artwork/large/bramblin.jpg,9999,1
947,Brambleghast,https://img.pokemondb.net/artwork/large/brambleghast.jpg,9999,1
948,Toedscool,https://img.pokemondb.net/artwork/large/toedscool.jpg,9999,1
949,Toedscruel,https://img.pokemondb.net/artwork/large/toedscruel.jpg,9999,1
950,Klawf,https://img.pokemondb.net/artwork/large/klawf.jpg,9999,1
951,Capsakid,https://img.pokemondb.net/artwork/large/capsakid.jpg,9999,1
952,Scovillain,https://img.pokemondb.net/artwork/large/scovillain.jpg,9999,1
953,Rellor,https://img.pokemondb.net/artwork/large/rellor.jpg,9999,1
954,Rabsca,https://img.pokemondb.net/artwork/large/rabsca.jpg,9999,1
955,Flittle,https://img.pokemondb.net/artwork/large/flittle.jpg,9999,1
956,Espathra,https://img.pokemondb.net/artwork/large/espathra.jpg,9999,1
957,Tinkatink,https://img.pokemondb.net/artwork/large/tinkatink.jpg,9999,1
958,Tinkatuff,https://img.pokemondb.net/artwork/large/tinkatuff.jpg,9999,1
959,Tinkaton,https://img.pokemondb.net/artwork/large/tinkaton.jpg,9999,1
960,Wiglett,https://img.pokemondb.net/artwork/large/wiglett.jpg,9999,1
961,Wugtrio,https://img.pokemondb.net/artwork/large/wugtrio.jpg,9999,1
962,Bombirdier,https://img.pokemondb.net/artwork/large/bombirdier.jpg,9999,1
963,Finizen,https://img.pokemondb.net/artwork/large/finizen.jpg,9999,1
964,Palafin,https://img.pokemondb.net/artwork/large/palafin.jpg,9999,1
965,Varoom,https://img.pokemondb.net/artwork/large/varoom.jpg,9999,1
966,Revavroom,https://img.pokemondb.net/artwork/large/revavroom.jpg,9999,1
967,Cyclizar,https://img.pokemondb.net/artwork/large/cyclizar.jpg,9999,1
968,Orthworm,https://img.pokemondb.net/artwork/large/orthworm.jpg,9999,1
969,Glimmet,https://img.pokemondb.net/artwork/large/glimmet.jpg,9999,1
970,Glimmora,https://img.pokemondb.net/artwork/large/glimmora.jpg,9999,1
971,Greavard,https://img.pokemondb.net/artwork/large/greavard.jpg,9999,1
972,Houndstone,https://img.pokemondb.net/artwork/large/houndstone.jpg,9999,1
973,Flamigo,https://img.pokemondb.net/artwork/large/flamigo.jpg,9999,1
974,Cetoddle,https://img.pokemondb.net/artwork/large/cetoddle.jpg,9999,1
975,Cetitan,https://img.pokemondb.net/artwork/large/cetitan.jpg,9999,1
976,Veluza,https://img.pokemondb.net/artwork/large/veluza.jpg,9999,1
977,Dondozo,https://img.pokemondb.net/artwork/large/dondozo.jpg,9999,1
978,Tatsugiri,https://img.pokemondb.net/artwork/large/tatsugiri.jpg,9999,1
979,Annihilape,https://img.pokemondb.net/artwork/large/annihilape.jpg,9999,1
980,Clodsire,https://img.pokemondb.net/artwork/large/clodsire.jpg,9999,1
981,Farigiraf,https://img.pokemondb.net/artwork/large/farigiraf.jpg,9999,1
982,Dudunsparce,https://img.pokemondb.net/artwork/large/dudunsparce.jpg,9999,1
983,Kingambit,https://img.pokemondb.net/artwork/large/kingambit.jpg,9999,1
984,Great Tusk,https://img.pokemondb.net/artwork/large/great-tusk.jpg,9999,1
985,Scream Tail,https://img.pokemondb.net/artwork/large/scream-tail.jpg,9999,1
986,Brute Bonnet,https://img.pokemondb.net/artwork/large/brute-bonnet.jpg,9999,1
987,Flutter Mane,https://img.pokemondb.net/artwork/large/flutter-mane.jpg,9999,1
988,Slither Wing,https://img.pokemondb.net/artwork/large/slither-wing.jpg,9999,1
989,Sandy Shocks,https://img.pokemondb.net/artwork/large/sandy-shocks.jpg,9999,1
990,Iron Treads,https://img.pokemondb.net/artwork/large/iron-treads.jpg,9999,1
991,Iron Bundle,https://img.pokemondb.net/artwork/large/iron-bundle.jpg,9999,1
992,Iron Hands,https://img.pokemondb.net/artwork/large/iron-hands.jpg,9999,1
993,Iron Jugulis,https://img.pokemondb.net/artwork/large/iron-jugulis.jpg,9999,1
994,Iron Moth,https://img.pokemondb.net/artwork/large/iron-moth.jpg,9999,1
995,Iron Thorns,https://img.pokemondb.net/artwork/large/iron-thorns.jpg,9999,1
996,Frigibax,https://img.pokemondb.net/artwork/large/frigibax.jpg,9999,1
997,Arctibax,https://img.pokemondb.net/artwork/large/arctibax.jpg,9999,1
998,Baxcalibur,https://img.pokemondb.net/artwork/large/baxcalibur.jpg,9999,1
999,Gimmighoul,https://img.pokemondb.net/artwork/large/gimmighoul.jpg,9999,1
1000,Gholdengo,https://img.pokemondb.net/artwork/large/gholdengo.jpg,9999,1
1001,Wo-Chien,https://img.pokemondb.net/artwork/large/wo-chien.jpg,9999,1
1002,Chien-Pao,https://img.pokemondb.net/artwork/large/chien-pao.jpg,9999,1
1003,Ting-Lu,https://img.pokemondb.net/artwork/large/ting-lu.jpg,9999,1
1004,Chi-Yu,https://img.pokemondb.net/artwork/large/chi-yu.jpg,9999,1
1005,Roaring Moon,https://img.pokemondb.net/artwork/large/roaring-moon.jpg,9999,1
1006,Iron Valiant,https://img.pokemondb.net/artwork/large/iron-valiant.jpg,9999,1
1007,Koraidon,https://img.pokemondb.net/artwork/large/koraidon.jpg,9999,1
1008,Miraidon,https://img.pokemondb.net/artwork/large/miraidon.jpg,9999,1
1009,Walking Wake,https://img.pokemondb.net/artwork/large/walking-wake.jpg,9999,1
1010,Iron Leaves,https://img.pokemondb.net/artwork/large/iron-leaves.jpg,9999,1
1011,Dipplin,https://img.pokemondb.net/artwork/large/dipplin.jpg,9999,1
1012,Poltchageist,https://img.pokemondb.net/artwork/large/poltchageist.jpg,9999,1
1013,Sinistcha,https://img.pokemondb.net/artwork/large/sinistcha.jpg,9999,1
1014,Okidogi,https://img.pokemondb.net/artwork/large/okidogi.jpg,9999,1
1015,Munkidori,https://img.pokemondb.net/artwork/large/munkidori.jpg,9999,1
1016,Fezandipiti,https://img.pokemondb.net/artwork/large/fezandipiti.jpg,9999,1
1017,Ogerpon,https://img.pokemondb.net/artwork/large/ogerpon.jpg,9999,1
1018,Archaludon,https://img.pokemondb.net/artwork/large/archaludon.jpg,9999,1
1019,Hydrapple,https://img.pokemondb.net/artwork/large/hydrapple.jpg,9999,1
1020,Gouging Fire,https://img.pokemondb.net/artwork/large/gouging-fire.jpg,9999,1
1021,Raging Bolt,https://img.pokemondb.net/artwork/large/raging-bolt.jpg,9999,1
1022,Iron Boulder,https://img.pokemondb.net/artwork/large/iron-boulder.jpg,9999,1
1023,Iron Crown,https://img.pokemondb.net/artwork/large/iron-crown.jpg,9999,1
1024,Terapagos,https://img.pokemondb.net/artwork/large/terapagos.jpg,9999,1
1025,Pecharunt,https://img.pokemondb.net/artwork/large/pecharunt.jpg,9999,1
